Species,Country,2014,2013,2012,2011,2010,2009,2008,2007,2006
ANF,BE,993,1633,1716,1279,1031,853,964,1363,1193
ANF,BE,217,137,133,116,131,140,185,181,141
ANF,BE,0,0,0,0,0,0,0,0,0
ANF,BE,213,135,131,111,124,134,181,179,138
ANF,BE,4,2,2,6,7,6,4,3,3
ANF,BE,491,1124,1382,966,721,518,585,1040,907
ANF,BE,26,47,58,27,19,19,29,73,69
ANF,BE,0,0,0,0,0,0,0,1,0
ANF,BE,98,49,59,95,127,56,43,44,21
ANF,BE,42,95,144,138,94,73,101,242,217
ANF,BE,167,422,472,352,235,193,212,369,301
ANF,BE,147,511,636,353,240,178,195,308,293
ANF,BE,11,0,13,1,6,0,6,3,7
ANF,BE,0,0,0,0,0,0,0,0,0
ANF,BE,0,0,0,0,0,0,0,0,0
ANF,BE,285,373,201,196,179,195,194,142,144
ANF,BE,6,4,6,4,7,7,2,8,18
ANF,BE,279,368,196,192,172,188,193,135,127
BIB,BE,448,299,318,405,413,425,578,574,472
BIB,BE,0,0,0,0,0,0,0,0,0
BIB,BE,0,0,0,0,0,0,0,0,0
BIB,BE,11,7,17,21,48,52,37,27,30
BIB,BE,0,0,0,0,0,0,0,0,0
BIB,BE,0,0,0,1,0,0,0,0,0
BIB,BE,11,7,17,21,48,52,37,27,30
BIB,BE,434,288,298,376,357,368,535,537,433
BIB,BE,1,1,1,2,3,2,2,3,4
BIB,BE,353,225,219,314,306,318,446,421,339
BIB,BE,9,36,51,40,29,24,50,60,58
BIB,BE,67,23,24,16,15,21,34,48,24
BIB,BE,3,3,3,3,4,4,2,5,6
BIB,BE,0,0,0,0,0,0,1,0,1
BIB,BE,0,0,0,0,0,0,0,0,0
BIB,BE,0,0,0,0,0,0,0,0,0
BIB,BE,4,5,4,8,8,4,6,10,10
BIB,BE,0,0,0,0,0,0,0,1,1
BIB,BE,3,5,3,8,8,4,6,9,9
BIB,BE,0,0,0,0,0,0,0,0,0
BLL,BE,309,315,317,341,350,336,360,419,390
BLL,BE,0,0,0,0,0,0,0,0,0
BLL,BE,0,0,0,0,0,0,0,0,0
BLL,BE,99,101,110,101,104,109,117,110,105
BLL,BE,0,0,0,0,0,0,0,0,0
BLL,BE,68,66,84,67,41,39,38,54,47
BLL,BE,31,36,26,34,63,70,79,56,58
BLL,BE,0,0,0,0,0,0,0,0,0
BLL,BE,0,0,0,0,0,0,0,0,0
BLL,BE,0,0,0,0,0,0,0,0,0
BLL,BE,0,0,0,0,0,0,0,0,0
BLL,BE,0,0,0,0,0,0,0,0,0
BLL,BE,209,213,205,238,244,223,240,306,281
BLL,BE,9,15,28,31,37,28,26,32,35
BLL,BE,161,132,104,122,134,118,131,168,157
BLL,BE,5,10,17,19,11,13,23,37,23
BLL,BE,21,28,26,24,24,29,30,37,25
BLL,BE,14,28,31,41,38,34,29,33,41
BLL,BE,0,0,0,0,0,0,0,0,0
BLL,BE,0,0,0,0,0,0,0,0,0
BLL,BE,0,0,0,0,0,0,0,0,0
BLL,BE,1,1,3,2,3,4,3,3,4
BLL,BE,0,0,0,0,0,0,0,0,1
BLL,BE,1,1,3,2,2,3,3,3,4
BLL,BE,0,0,0,0,0,0,0,0,0
BRB,BE,22,3,0,0,0,0,0,0,0
BRB,BE,22,3,0,0,0,0,0,0,0
BRB,BE,22,3,0,0,0,0,0,0,0
BRB,BE,0,0,0,0,0,0,0,0,0
BRB,BE,0,0,0,0,0,0,0,0,0
BRB,BE,0,0,0,0,0,0,0,0,0
BRB,BE,0,0,0,0,0,0,0,0,0
BSS,BE,148,146,155,153,216,174,187,179,211
BSS,BE,53,59,55,63,118,90,64,65,116
BSS,BE,0,0,0,0,0,0,1,1,1
BSS,BE,53,59,55,63,118,90,63,64,115
BSS,BE,0,0,0,0,0,0,0,0,0
BSS,BE,0,0,0,0,0,0,0,0,0
BSS,BE,95,87,99,89,98,84,123,113,95
BSS,BE,1,0,1,1,1,1,1,3,2
BSS,BE,59,39,56,47,57,35,54,63,34
BSS,BE,1,4,12,5,2,2,7,6,6
BSS,BE,24,20,9,15,14,20,39,25,20
BSS,BE,9,23,21,21,23,25,23,16,33
BSS,BE,0,0,0,0,0,0,0,0,0
BSS,BE,0,0,1,1,0,1,0,1,0
BSS,BE,0,0,0,0,0,0,0,0,0
BSS,BE,0,0,0,1,0,1,0,1,0
CAA,BE,77,33,37,33,34,52,70,74,67
CAA,BE,0,0,0,0,0,0,0,0,0
CAA,BE,0,0,0,0,0,0,0,0,0
CAA,BE,0,0,0,0,0,0,0,0,0
CAA,BE,0,0,0,0,0,0,0,0,0
CAA,BE,0,0,0,0,0,0,0,0,0
CAA,BE,0,0,0,0,0,0,0,0,0
CAA,BE,0,0,0,0,0,0,0,0,0
CAA,BE,77,33,37,33,34,51,70,74,67
CAA,BE,0,0,0,0,0,0,0,0,0
CAA,BE,77,33,37,33,34,51,70,74,67
CAA,BE,0,0,0,0,0,0,0,0,0
CAA,BE,0,0,0,0,0,0,0,0,0
CAA,BE,0,0,0,0,0,0,0,0,0
CAA,BE,0,0,0,0,0,0,0,0,0
CAA,BE,0,0,0,0,0,0,0,0,0
CAA,BE,0,0,0,0,0,0,0,0,0
CAA,BE,0,0,0,0,0,1,0,0,0
CAA,BE,0,0,0,0,0,1,0,0,0
CAA,BE,0,0,0,0,0,0,0,0,0
CAA,BE,0,0,0,0,0,0,0,0,0
CAA,BE,0,0,0,0,0,0,0,0,0
CAA,BE,0,0,0,0,0,0,0,0,0
CAA,BE,0,0,0,0,0,0,0,0,0
CAR,BE,0,0,0,0,0,0,0,0,0
CAR,BE,0,0,0,0,0,0,0,0,0
CAR,BE,0,0,0,0,0,0,0,0,0
CAR,BE,0,0,0,0,0,0,0,0,0
CAR,BE,0,0,0,0,0,0,0,0,0
CAR,BE,0,0,0,0,0,0,0,0,0
CAR,BE,0,0,0,0,0,0,0,0,0
CLU,BE,0,0,0,0,0,0,0,0,0
CLU,BE,0,0,0,0,0,0,0,0,0
CLU,BE,0,0,0,0,0,0,0,0,0
CLU,BE,0,0,0,0,0,0,0,0,0
CLU,BE,0,0,0,0,0,0,0,0,0
CLU,BE,0,0,0,0,0,0,0,0,0
CLU,BE,0,0,0,0,0,0,0,0,0
CLU,BE,0,0,0,0,0,0,0,0,0
CLU,BE,0,0,0,0,0,0,0,0,0
CLU,BE,0,0,0,0,0,0,0,0,0
CLU,BE,0,0,0,0,0,0,0,0,0
CLX,BE,2,0,0,0,0,0,0,0,0
CLX,BE,2,0,0,0,0,0,0,0,0
CLX,BE,0,0,0,0,0,0,0,0,0
CLX,BE,2,0,0,0,0,0,0,0,0
CLX,BE,0,0,0,0,0,0,0,0,0
CNZ,BE,0,0,0,0,0,1585,1024,637,866
CNZ,BE,0,0,0,0,0,1584,1024,636,866
CNZ,BE,0,0,0,0,0,41,169,193,64
CNZ,BE,0,0,0,0,0,1544,855,444,803
CNZ,BE,0,0,0,0,0,0,0,0,0
CNZ,BE,0,0,0,0,0,1,0,0,0
CNZ,BE,0,0,0,0,0,1,0,0,0
CNZ,BE,0,0,0,0,0,0,0,0,0
CNZ,BE,0,0,0,0,0,0,0,0,0
CNZ,BE,0,0,0,0,0,0,0,0,0
COC,BE,0,0,0,0,0,0,0,0,0
COC,BE,0,0,0,0,0,0,0,0,0
COC,BE,0,0,0,0,0,0,0,0,0
COC,BE,0,0,0,0,0,0,0,0,0
COD,BE,1480,1343,1214,868,797,1087,1140,1268,1551
COD,BE,0,0,0,0,0,0,0,0,0
COD,BE,0,0,0,0,0,0,0,0,0
COD,BE,0,0,0,0,0,0,0,0,0
COD,BE,0,0,0,0,0,0,0,0,0
COD,BE,0,0,0,0,0,0,0,0,0
COD,BE,0,0,0,0,0,0,0,0,0
COD,BE,0,0,0,0,0,0,0,0,0
COD,BE,1258,1075,862,653,666,946,894,1008,1309
COD,BE,0,4,0,0,0,0,0,0,0
COD,BE,1083,970,710,459,337,324,407,775,1034
COD,BE,174,102,152,194,329,622,487,234,275
COD,BE,0,0,0,0,0,0,0,0,0
COD,BE,0,0,0,0,0,0,0,0,0
COD,BE,0,0,0,0,0,0,0,0,0
COD,BE,0,0,0,0,0,0,0,0,0
COD,BE,0,0,0,0,0,0,0,0,0
COD,BE,0,0,0,0,0,0,0,0,0
COD,BE,0,0,0,0,0,0,0,0,0
COD,BE,0,0,0,0,0,0,0,0,0
COD,BE,0,0,0,0,0,0,0,0,0
COD,BE,0,0,0,0,0,0,0,0,0
COD,BE,223,267,353,216,131,142,246,259,242
COD,BE,9,13,23,36,21,19,26,67,60
COD,BE,72,53,40,56,57,73,154,84,80
COD,BE,1,5,14,13,5,6,5,5,5
COD,BE,85,96,135,44,17,14,39,65,52
COD,BE,54,101,140,66,30,26,22,37,44
COD,BE,1,0,1,0,1,2,1,1,1
COD,BE,0,0,0,0,0,0,0,0,0
COD,BE,0,0,0,0,0,0,0,0,0
COD,BE,0,0,0,0,0,0,0,0,0
COD,BE,0,0,0,0,0,0,0,0,0
COD,BE,0,0,0,0,0,0,0,0,0
COD,BE,0,0,0,0,0,0,0,0,0
COD,BE,0,0,0,0,0,0,0,0,0
COE,BE,40,27,38,31,27,31,65,81,58
COE,BE,1,0,0,0,1,1,2,1,2
COE,BE,0,0,0,0,0,0,0,0,0
COE,BE,0,0,0,0,0,0,0,0,0
COE,BE,0,0,0,0,1,1,2,1,1
COE,BE,0,0,0,0,0,0,0,0,0
COE,BE,0,0,0,0,0,0,0,0,0
COE,BE,0,0,0,0,0,0,0,0,0
COE,BE,0,0,0,0,0,0,0,0,0
COE,BE,0,0,0,0,0,0,0,0,0
COE,BE,39,25,34,30,25,28,61,78,54
COE,BE,2,2,2,2,2,2,3,8,6
COE,BE,16,6,8,10,11,11,21,21,16
COE,BE,3,4,7,5,3,4,18,23,13
COE,BE,11,5,6,4,3,5,8,11,5
COE,BE,7,8,11,8,5,6,10,14,14
COE,BE,0,0,0,0,0,0,0,0,0
COE,BE,0,0,0,0,0,0,0,0,0
COE,BE,0,0,0,0,0,0,0,0,0
COE,BE,1,2,3,1,1,2,2,2,2
COE,BE,0,0,2,0,0,0,0,0,0
COE,BE,1,2,2,1,1,2,2,2,2
COE,BE,0,0,0,0,0,0,0,0,0
CRE,BE,272,271,272,104,95,45,115,130,112
CRE,BE,0,0,0,0,0,0,0,0,0
CRE,BE,0,0,0,0,0,0,0,0,0
CRE,BE,110,108,95,43,36,21,61,60,46
CRE,BE,0,0,0,0,0,0,0,0,0
CRE,BE,94,98,88,39,31,17,49,54,38
CRE,BE,16,10,7,4,5,3,12,5,8
CRE,BE,0,0,0,0,0,0,0,0,0
CRE,BE,0,0,0,0,0,0,0,0,0
CRE,BE,0,0,0,0,0,0,0,0,0
CRE,BE,0,0,0,0,0,0,0,0,0
CRE,BE,0,0,0,0,0,0,0,0,0
CRE,BE,0,0,0,0,0,0,0,0,0
CRE,BE,144,147,164,55,55,23,46,65,62
CRE,BE,4,7,7,3,3,1,3,5,5
CRE,BE,70,58,61,19,21,6,17,26,24
CRE,BE,7,12,10,7,3,1,4,6,3
CRE,BE,26,23,31,9,6,2,6,8,5
CRE,BE,36,48,55,19,22,13,17,20,25
CRE,BE,1,0,0,0,0,0,0,0,0
CRE,BE,0,0,0,0,0,0,0,0,0
CRE,BE,0,0,0,0,0,0,0,0,0
CRE,BE,18,16,13,6,5,2,8,5,4
CRE,BE,1,0,1,0,0,0,0,1,1
CRE,BE,17,15,13,6,4,2,8,4,3
CRE,BE,0,0,0,0,0,0,0,0,0
CRU,BE,3,4,2,3,1,0,1,2,2
CRU,BE,0,0,0,0,0,0,0,0,0
CRU,BE,0,0,0,0,0,0,0,0,0
CRU,BE,0,0,0,0,0,0,0,0,0
CRU,BE,0,0,0,0,0,0,0,0,0
CRU,BE,0,0,0,0,0,0,0,0,0
CRU,BE,0,0,0,0,0,0,0,0,0
CRU,BE,0,0,0,0,0,0,0,0,0
CRU,BE,0,0,0,0,0,0,0,0,0
CRU,BE,0,0,0,0,0,0,0,0,0
CRU,BE,3,4,2,3,1,0,1,2,2
CRU,BE,0,1,0,0,0,0,0,0,0
CRU,BE,2,2,1,1,1,0,0,1,1
CRU,BE,0,0,0,0,0,0,0,0,0
CRU,BE,0,0,1,1,0,0,0,0,1
CRU,BE,0,1,1,1,0,0,0,0,1
CRU,BE,0,0,0,0,0,0,0,0,0
CRU,BE,0,0,0,0,0,0,0,0,0
CSH,BE,1178,1226,880,769,2078,0,0,0,0
CSH,BE,1178,1226,880,769,2066,0,0,0,0
CSH,BE,23,48,32,0,58,0,0,0,0
CSH,BE,1156,1179,848,769,2009,0,0,0,0
CSH,BE,0,0,0,0,12,0,0,0,0
CSH,BE,0,0,0,0,12,0,0,0,0
CTC,BE,373,434,836,392,454,320,872,1395,730
CTC,BE,50,40,40,14,35,47,58,36,58
CTC,BE,0,0,0,0,0,0,0,0,0
CTC,BE,1,18,8,4,2,1,4,2,1
CTC,BE,49,22,33,11,33,46,53,33,57
CTC,BE,0,0,0,0,0,0,0,0,0
CTC,BE,0,0,0,0,0,0,0,0,0
CTC,BE,320,386,777,371,417,272,812,1342,672
CTC,BE,0,0,0,0,0,0,0,0,0
CTC,BE,282,199,420,232,320,220,639,1035,539
CTC,BE,31,164,316,127,93,48,162,296,122
CTC,BE,6,20,26,10,3,3,7,6,5
CTC,BE,2,3,14,2,2,1,4,4,4
CTC,BE,0,0,1,0,0,0,0,1,1
CTC,BE,0,0,0,0,0,0,0,0,0
CTC,BE,0,0,0,0,0,0,0,0,0
CTC,BE,3,7,19,7,1,1,2,17,0
CTC,BE,0,0,1,0,0,0,0,2,0
CTC,BE,3,7,18,6,1,1,2,15,0
CTC,BE,0,0,0,0,0,0,0,0,0
DAB,BE,481,663,625,469,553,570,559,624,605
DAB,BE,0,0,0,0,0,0,0,0,0
DAB,BE,0,0,0,0,0,0,0,0,0
DAB,BE,0,0,0,0,0,0,0,0,0
DAB,BE,0,0,0,0,0,0,0,0,0
DAB,BE,0,0,0,0,0,0,0,0,0
DAB,BE,0,0,0,0,0,0,0,0,0
DAB,BE,0,0,0,0,0,0,0,0,0
DAB,BE,304,406,454,243,337,349,371,436,369
DAB,BE,0,0,0,0,0,0,0,0,0
DAB,BE,174,253,282,131,93,95,119,238,244
DAB,BE,130,153,173,112,244,254,253,198,125
DAB,BE,0,0,0,0,0,0,0,0,0
DAB,BE,0,0,0,0,0,0,0,0,0
DAB,BE,0,0,0,0,0,0,0,0,0
DAB,BE,0,0,0,0,0,0,0,0,0
DAB,BE,0,0,0,0,0,0,0,0,0
DAB,BE,0,0,0,0,0,0,0,0,0
DAB,BE,0,0,0,0,0,0,0,0,0
DAB,BE,0,0,0,0,0,0,0,0,0
DAB,BE,177,257,171,226,216,221,188,188,235
DAB,BE,2,8,11,14,13,10,6,8,33
DAB,BE,149,197,110,162,158,159,147,147,160
DAB,BE,1,4,6,7,3,5,2,2,3
DAB,BE,20,35,31,27,23,24,13,20,16
DAB,BE,5,13,14,17,20,23,21,13,23
DAB,BE,0,0,0,0,0,0,0,0,0
DAB,BE,0,0,0,0,0,0,0,0,0
DAB,BE,0,0,0,0,0,0,0,0,0
DAB,BE,0,0,0,0,0,0,0,0,0
DAB,BE,0,0,0,0,0,0,0,0,0
DAB,BE,0,0,0,0,0,0,0,0,0
DAB,BE,0,0,0,0,0,0,0,0,0
DGH,BE,0,0,0,0,0,0,0,0,0
DGH,BE,0,0,0,0,0,0,0,0,0
DGH,BE,0,0,0,0,0,0,0,0,0
DGH,BE,0,0,0,0,0,0,0,0,0
DGH,BE,0,0,0,0,0,0,0,0,0
DGH,BE,0,0,0,0,0,0,0,0,0
DGH,BE,0,0,0,0,0,0,0,0,0
DGH,BE,0,0,0,0,0,0,0,0,0
DGH,BE,0,0,0,0,0,0,0,0,0
DGH,BE,0,0,0,0,0,0,0,0,0
DGH,BE,0,0,0,0,0,0,0,0,0
DGH,BE,0,0,0,0,0,0,0,0,0
DGH,BE,0,0,0,0,0,0,0,0,0
DGH,BE,0,0,0,0,0,0,0,0,0
DGH,BE,0,0,0,0,0,0,0,0,0
DGH,BE,0,0,0,0,0,0,0,0,0
DGH,BE,0,0,0,0,0,0,0,0,0
DGH,BE,0,0,0,0,0,0,0,0,0
DGH,BE,0,0,0,0,0,0,0,0,0
DGH,BE,0,0,0,0,0,0,0,0,0
DGH,BE,0,0,0,0,0,0,0,0,0
DGH,BE,0,0,0,0,0,0,0,0,0
DGH,BE,0,0,0,0,0,0,0,0,0
DGH,BE,0,0,0,0,0,0,0,0,0
DGH,BE,0,0,0,0,0,0,0,0,0
DGS,BE,0,0,0,3,1,6,11,10,17
DGS,BE,0,0,0,0,0,0,0,0,0
DGS,BE,0,0,0,0,0,0,0,0,0
DGS,BE,0,0,0,0,0,0,0,0,0
DGS,BE,0,0,0,0,0,0,0,0,0
DGS,BE,0,0,0,0,0,0,0,0,0
DGS,BE,0,0,0,0,0,0,0,0,0
DGS,BE,0,0,0,0,0,0,0,0,0
DGS,BE,0,0,0,0,0,1,2,2,2
DGS,BE,0,0,0,0,0,0,0,0,0
DGS,BE,0,0,0,0,0,0,1,1,1
DGS,BE,0,0,0,0,0,1,1,1,1
DGS,BE,0,0,0,0,0,0,0,0,0
DGS,BE,0,0,0,0,0,0,0,0,0
DGS,BE,0,0,0,0,0,0,0,0,0
DGS,BE,0,0,0,0,0,0,0,0,0
DGS,BE,0,0,0,0,0,0,0,0,0
DGS,BE,0,0,0,0,0,0,0,0,0
DGS,BE,0,0,0,0,0,0,0,0,0
DGS,BE,0,0,0,0,0,0,0,0,0
DGS,BE,0,0,0,3,1,5,9,8,15
DGS,BE,0,0,0,0,0,0,2,3,7
DGS,BE,0,0,0,3,0,0,0,0,1
DGS,BE,0,0,0,0,0,0,0,0,0
DGS,BE,0,0,0,0,0,0,1,0,2
DGS,BE,0,0,0,0,0,4,6,5,5
DGS,BE,0,0,0,0,0,0,0,0,0
DGS,BE,0,0,0,0,0,0,0,0,0
DGS,BE,0,0,0,0,0,0,0,0,0
DGS,BE,0,0,0,0,0,0,0,0,0
DGS,BE,0,0,0,0,0,0,0,0,0
DGS,BE,0,0,0,0,0,0,0,0,0
DGZ,BE,0,0,0,0,0,0,521,478,503
DGZ,BE,0,0,0,0,0,0,143,102,101
DGZ,BE,0,0,0,0,0,0,2,1,1
DGZ,BE,0,0,0,0,0,0,141,101,100
DGZ,BE,0,0,0,0,0,0,359,363,389
DGZ,BE,0,0,0,0,0,0,37,63,80
DGZ,BE,0,0,0,0,0,0,0,0,0
DGZ,BE,0,0,0,0,0,0,194,163,163
DGZ,BE,0,0,0,0,0,0,23,28,23
DGZ,BE,0,0,0,0,0,0,47,49,37
DGZ,BE,0,0,0,0,0,0,59,60,85
DGZ,BE,0,0,0,0,0,0,0,0,1
DGZ,BE,0,0,0,0,0,0,18,13,13
DGZ,BE,0,0,0,0,0,0,0,1,1
DGZ,BE,0,0,0,0,0,0,18,12,12
DIA,BE,0,0,0,0,0,0,0,0,0
DIA,BE,0,0,0,0,0,0,0,0,0
DIA,BE,0,0,0,0,0,0,0,0,0
DPX,BE,11,95,214,225,254,276,273,343,366
DPX,BE,0,0,0,0,0,0,0,0,0
DPX,BE,0,0,0,0,0,0,0,0,0
DPX,BE,0,0,0,0,0,0,0,0,0
DPX,BE,0,0,0,0,0,0,0,0,0
DPX,BE,0,0,0,0,0,0,0,0,0
DPX,BE,0,0,0,0,0,0,0,0,0
DPX,BE,0,0,0,0,0,0,0,0,0
DPX,BE,6,13,19,17,31,43,30,27,30
DPX,BE,0,0,0,0,0,0,0,0,0
DPX,BE,1,1,4,3,10,17,5,10,5
DPX,BE,4,12,15,14,22,27,25,17,26
DPX,BE,0,0,0,0,0,0,0,0,0
DPX,BE,0,0,0,0,0,0,0,0,0
DPX,BE,0,0,0,0,0,0,0,0,0
DPX,BE,0,0,0,0,0,0,0,0,0
DPX,BE,0,0,0,0,0,0,0,0,0
DPX,BE,0,0,0,0,0,0,0,0,0
DPX,BE,0,0,0,0,0,0,0,0,0
DPX,BE,5,79,183,200,207,214,230,299,318
DPX,BE,0,1,14,10,11,5,7,14,12
DPX,BE,4,50,70,81,88,109,123,177,200
DPX,BE,0,3,16,5,7,6,10,14,10
DPX,BE,1,12,32,27,26,31,35,41,32
DPX,BE,0,12,51,77,75,63,54,53,64
DPX,BE,0,0,0,0,0,0,0,0,1
DPX,BE,0,0,0,0,0,0,0,0,0
DPX,BE,0,0,0,0,0,0,0,0,0
DPX,BE,0,3,13,9,16,18,13,17,18
DPX,BE,0,0,2,2,1,3,1,3,4
DPX,BE,0,3,11,7,14,15,12,14,14
DPX,BE,0,0,0,0,0,0,0,0,0
ELE,BE,0,0,0,0,0,0,0,0,0
ELE,BE,0,0,0,0,0,0,0,0,0
ELE,BE,0,0,0,0,0,0,0,0,0
FIN,BE,0,0,0,0,0,0,0,0,0
FIN,BE,0,0,0,0,0,0,0,0,0
FIN,BE,0,0,0,0,0,0,0,0,0
FIN,BE,0,0,0,0,0,0,0,0,0
FIN,BE,0,0,0,0,0,0,0,0,0
FIN,BE,0,0,0,0,0,0,0,0,0
FIN,BE,0,0,0,0,0,0,0,0,0
FIN,BE,0,0,0,0,0,0,0,0,0
FIN,BE,0,0,0,0,0,0,0,0,0
FIN,BE,0,0,0,0,0,0,0,0,0
FIN,BE,0,0,0,0,0,0,0,0,0
FIN,BE,0,0,0,0,0,0,0,0,0
FIN,BE,0,0,0,0,0,0,0,0,0
FIN,BE,0,0,0,0,0,0,0,0,0
FIN,BE,0,0,0,0,0,0,0,0,0
FIN,BE,0,0,0,0,0,0,0,0,0
FIN,BE,0,0,0,0,0,0,0,0,0
FIN,BE,0,0,0,0,0,0,0,0,0
FLE,BE,379,387,401,322,299,325,346,343,227
FLE,BE,376,346,348,262,251,272,306,298,168
FLE,BE,0,0,0,0,0,0,0,0,0
FLE,BE,1,0,2,1,3,5,26,9,15
FLE,BE,375,346,346,261,247,267,280,289,152
FLE,BE,0,0,0,0,0,0,0,0,0
FLE,BE,0,0,0,0,0,0,0,0,0
FLE,BE,0,0,0,0,0,0,0,0,0
FLE,BE,0,0,0,0,0,0,0,0,0
FLE,BE,0,0,0,0,0,0,0,0,0
FLE,BE,4,40,52,60,48,53,40,45,59
FLE,BE,0,2,16,5,7,11,9,9,13
FLE,BE,2,34,32,53,36,36,30,35,45
FLE,BE,0,0,1,0,0,0,0,0,1
FLE,BE,1,4,4,1,5,5,1,1,1
FLE,BE,0,1,0,0,0,0,0,0,0
FLE,BE,0,0,0,0,0,0,0,0,0
FLE,BE,0,0,0,0,0,0,0,0,0
FLE,BE,0,0,0,0,0,0,0,0,0
FLE,BE,0,0,0,0,0,0,0,0,0
FLE,BE,0,0,0,0,0,0,0,0,0
FLE,BE,0,0,0,0,0,0,0,0,0
GAD,BE,0,0,0,0,0,0,0,0,0
GAD,BE,0,0,0,0,0,0,0,0,0
GAD,BE,0,0,0,0,0,0,0,0,0
GAD,BE,0,0,0,0,0,0,0,0,0
GAD,BE,0,0,0,0,0,0,0,0,0
GAD,BE,0,0,0,0,0,0,0,0,0
GAD,BE,0,0,0,0,0,0,0,0,0
GAD,BE,0,0,0,0,0,0,0,0,0
GAD,BE,0,0,0,0,0,0,0,0,0
GAD,BE,0,0,0,0,0,0,0,0,0
GAD,BE,0,0,0,0,0,0,0,0,0
GAD,BE,0,0,0,0,0,0,0,0,0
GAD,BE,0,0,0,0,0,0,0,0,0
GAD,BE,0,0,0,0,0,0,0,0,0
GAD,BE,0,0,0,0,0,0,0,0,0
GAD,BE,0,0,0,0,0,0,0,0,0
GUG,BE,65,97,103,63,43,30,21,21,25
GUG,BE,0,0,0,0,0,0,0,0,0
GUG,BE,0,0,0,0,0,0,0,0,0
GUG,BE,35,30,49,26,14,15,8,11,10
GUG,BE,0,0,0,0,0,0,0,0,0
GUG,BE,22,20,42,22,11,12,7,10,9
GUG,BE,13,10,7,4,3,3,1,1,1
GUG,BE,0,0,0,0,0,0,0,0,0
GUG,BE,0,0,0,0,0,0,0,0,0
GUG,BE,0,0,0,0,0,0,0,0,0
GUG,BE,0,0,0,0,0,0,0,0,0
GUG,BE,0,0,0,0,0,0,0,0,0
GUG,BE,17,46,34,29,20,11,10,8,13
GUG,BE,1,2,1,1,1,1,0,0,0
GUG,BE,7,23,11,11,6,1,1,3,8
GUG,BE,0,2,2,3,2,0,0,0,0
GUG,BE,3,9,7,5,4,3,3,2,2
GUG,BE,5,11,14,9,7,7,4,2,2
GUG,BE,0,0,0,0,0,0,0,0,0
GUG,BE,14,21,20,9,8,3,3,3,3
GUG,BE,0,0,0,0,0,0,0,0,1
GUG,BE,14,21,19,9,8,3,3,2,2
GUG,BE,0,0,0,0,0,0,0,0,0
GUR,BE,263,288,306,306,237,227,352,328,313
GUR,BE,0,0,0,0,0,0,0,0,0
GUR,BE,0,0,0,0,0,0,0,0,0
GUR,BE,10,3,5,5,7,28,26,33,31
GUR,BE,0,0,0,0,0,0,0,0,0
GUR,BE,5,0,0,1,0,11,11,23,16
GUR,BE,5,3,5,4,7,17,15,10,15
GUR,BE,0,0,0,0,0,0,0,0,0
GUR,BE,0,0,0,0,0,0,0,0,0
GUR,BE,252,283,299,300,227,197,325,294,281
GUR,BE,2,6,7,11,13,3,5,7,10
GUR,BE,212,180,184,215,159,153,223,191,171
GUR,BE,4,34,59,40,34,21,60,62,73
GUR,BE,29,41,37,24,14,14,33,24,21
GUR,BE,4,22,11,10,8,6,4,9,6
GUR,BE,0,0,1,0,0,0,0,0,0
GUR,BE,2,1,2,1,3,2,2,1,1
GUR,BE,0,0,0,0,0,0,0,0,0
GUR,BE,1,1,1,1,3,2,2,1,1
GUR,BE,0,0,0,0,0,0,0,0,0
GUU,BE,730,624,671,438,448,436,0,0,0
GUU,BE,0,0,0,0,0,0,0,0,0
GUU,BE,0,0,0,0,0,0,0,0,0
GUU,BE,0,0,0,0,0,0,0,0,0
GUU,BE,0,0,0,0,0,0,0,0,0
GUU,BE,0,0,0,0,0,0,0,0,0
GUU,BE,183,116,148,77,79,83,0,0,0
GUU,BE,0,0,0,0,0,0,0,0,0
GUU,BE,43,28,109,27,14,11,0,0,0
GUU,BE,140,87,39,50,64,72,0,0,0
GUU,BE,0,0,0,0,0,0,0,0,0
GUU,BE,0,0,0,0,0,0,0,0,0
GUU,BE,0,0,0,0,0,0,0,0,0
GUU,BE,0,0,0,0,0,0,0,0,0
GUU,BE,0,0,0,0,0,0,0,0,0
GUU,BE,0,0,0,0,0,0,0,0,0
GUU,BE,0,0,0,0,0,0,0,0,0
GUU,BE,0,0,0,0,0,0,0,0,0
GUU,BE,529,492,513,353,365,346,0,0,0
GUU,BE,3,10,21,17,13,21,0,0,0
GUU,BE,496,380,350,255,286,272,0,0,0
GUU,BE,6,44,54,34,29,18,0,0,0
GUU,BE,15,30,48,24,23,21,0,0,0
GUU,BE,9,28,41,22,14,14,0,0,0
GUU,BE,0,0,0,0,0,0,0,0,0
GUU,BE,0,0,0,0,0,0,0,0,0
GUU,BE,0,0,0,0,0,0,0,0,0
GUU,BE,19,16,9,9,5,8,0,0,0
GUU,BE,0,1,0,0,0,0,0,0,0
GUU,BE,18,16,9,9,5,7,0,0,0
GUU,BE,0,0,0,0,0,0,0,0,0
GUX,BE,0,0,0,0,0,0,553,688,568
GUX,BE,0,0,0,0,0,0,82,66,70
GUX,BE,0,0,0,0,0,0,11,15,14
GUX,BE,0,0,0,0,0,0,71,51,56
GUX,BE,0,0,0,0,0,0,465,616,491
GUX,BE,0,0,0,0,0,0,18,22,51
GUX,BE,0,0,0,0,0,0,389,528,384
GUX,BE,0,0,0,0,0,0,23,28,24
GUX,BE,0,0,0,0,0,0,23,25,17
GUX,BE,0,0,0,0,0,0,13,14,14
GUX,BE,0,0,0,0,0,0,0,0,0
GUX,BE,0,0,0,0,0,0,6,6,7
GUX,BE,0,0,0,0,0,0,0,1,1
GUX,BE,0,0,0,0,0,0,6,5,6
HAD,BE,206,259,327,335,259,246,236,328,229
HAD,BE,0,0,0,0,0,0,0,0,0
HAD,BE,0,0,0,0,0,0,0,0,0
HAD,BE,0,0,0,0,0,0,0,0,0
HAD,BE,0,0,0,0,0,0,0,0,0
HAD,BE,0,0,0,0,0,0,0,0,0
HAD,BE,0,0,0,0,0,0,0,0,0
HAD,BE,0,0,0,0,0,0,0,0,0
HAD,BE,98,78,78,106,78,108,112,178,106
HAD,BE,0,3,0,0,0,0,0,0,0
HAD,BE,97,74,77,100,76,99,101,177,105
HAD,BE,1,1,1,6,2,9,12,2,0
HAD,BE,0,0,0,0,0,0,0,0,0
HAD,BE,0,0,0,0,0,0,0,0,0
HAD,BE,0,0,0,0,0,0,0,0,0
HAD,BE,0,0,0,0,0,0,0,0,0
HAD,BE,0,0,0,0,0,0,0,0,0
HAD,BE,0,0,0,0,0,0,0,0,0
HAD,BE,0,0,0,0,0,0,0,0,0
HAD,BE,0,0,0,0,0,0,0,0,0
HAD,BE,0,0,0,0,0,0,0,0,0
HAD,BE,0,0,0,0,0,0,0,0,0
HAD,BE,107,181,249,229,181,138,124,150,123
HAD,BE,7,6,13,16,9,7,15,30,23
HAD,BE,0,0,0,0,0,0,0,0,0
HAD,BE,1,1,4,2,2,1,0,1,1
HAD,BE,1,5,14,16,4,3,1,1,1
HAD,BE,64,65,81,66,72,62,66,71,52
HAD,BE,34,103,136,129,93,66,41,47,46
HAD,BE,0,0,0,0,1,0,0,0,0
HAD,BE,0,0,0,0,0,0,0,0,0
HAD,BE,0,0,0,0,0,0,0,0,0
HAD,BE,0,0,0,0,0,0,0,0,0
HAD,BE,0,0,0,0,0,0,0,0,0
HAD,BE,0,0,0,0,0,0,0,0,0
HAD,BE,0,0,0,0,0,0,0,0,0
HAL,BE,1,1,0,1,4,6,7,5,2
HAL,BE,0,0,0,0,0,0,0,0,0
HAL,BE,0,0,0,0,0,0,0,0,0
HAL,BE,0,0,0,0,0,0,0,0,0
HAL,BE,0,0,0,0,0,0,0,0,0
HAL,BE,0,0,0,0,0,0,0,0,0
HAL,BE,0,0,0,0,0,0,0,0,0
HAL,BE,0,0,0,0,0,0,0,0,0
HAL,BE,1,1,0,1,4,6,7,5,2
HAL,BE,0,0,0,0,0,0,0,0,0
HAL,BE,1,1,0,1,4,6,7,5,2
HAL,BE,0,0,0,0,0,0,0,0,0
HAL,BE,0,0,0,0,0,0,0,0,0
HAL,BE,0,0,0,0,0,0,0,0,0
HAL,BE,0,0,0,0,0,0,0,0,0
HAL,BE,0,0,0,0,0,0,0,0,0
HAL,BE,0,0,0,0,0,0,0,0,0
HAL,BE,0,0,0,0,0,0,0,0,0
HAL,BE,0,0,0,0,0,0,0,0,0
HAL,BE,0,0,0,0,0,0,0,0,0
HAL,BE,0,0,0,0,0,0,0,0,0
HAL,BE,0,0,0,0,0,0,0,0,0
HAL,BE,0,0,0,0,0,0,0,0,0
HAL,BE,0,0,0,0,0,0,0,0,0
HAL,BE,0,0,0,0,0,0,0,0,0
HAL,BE,0,0,0,0,0,0,0,0,0
HAL,BE,0,0,0,0,0,0,0,0,0
HAL,BE,0,0,0,0,0,0,0,0,0
HER,BE,27,22,4,3,1,0,0,1,3
HER,BE,2,0,1,3,1,0,0,1,3
HER,BE,0,0,0,0,0,0,0,0,0
HER,BE,0,0,0,0,0,0,0,0,0
HER,BE,2,0,1,3,1,0,0,1,3
HER,BE,0,0,0,0,0,0,0,0,0
HER,BE,0,0,0,0,0,0,0,0,0
HER,BE,0,0,0,0,0,0,0,0,0
HER,BE,0,0,0,0,0,0,0,0,0
HER,BE,0,0,0,0,0,0,0,0,0
HER,BE,25,22,3,1,0,0,0,0,0
HER,BE,25,22,3,1,0,0,0,0,0
HER,BE,0,0,0,0,0,0,0,0,0
HER,BE,0,0,0,0,0,0,0,0,0
HER,BE,0,0,0,0,0,0,0,0,0
HER,BE,0,0,0,0,0,0,0,0,0
HKE,BE,60,51,40,52,69,51,72,79,83
HKE,BE,0,0,0,0,0,0,0,0,0
HKE,BE,0,0,0,0,0,0,0,0,0
HKE,BE,0,0,0,0,0,0,0,0,0
HKE,BE,0,0,0,0,0,0,0,0,0
HKE,BE,0,0,0,0,0,0,0,0,0
HKE,BE,0,0,0,0,0,0,0,0,0
HKE,BE,42,31,27,36,51,37,60,63,54
HKE,BE,0,1,0,0,0,0,0,0,0
HKE,BE,42,30,27,36,51,36,60,63,53
HKE,BE,0,0,0,0,0,0,0,0,0
HKE,BE,0,0,0,0,0,0,0,0,0
HKE,BE,0,0,0,0,0,0,0,0,0
HKE,BE,0,0,0,0,0,0,0,0,0
HKE,BE,0,0,0,0,0,0,0,0,0
HKE,BE,0,0,0,0,0,0,0,0,0
HKE,BE,0,0,0,0,0,0,0,0,0
HKE,BE,0,0,0,0,0,0,0,0,0
HKE,BE,0,0,0,0,0,0,0,0,0
HKE,BE,12,12,10,11,13,8,8,13,19
HKE,BE,1,1,1,0,1,1,1,2,2
HKE,BE,1,0,0,0,0,0,0,1,0
HKE,BE,0,1,0,0,0,0,0,1,1
HKE,BE,5,2,2,4,5,3,3,4,4
HKE,BE,6,8,6,7,7,4,4,7,12
HKE,BE,0,0,0,0,0,0,0,0,0
HKE,BE,0,0,0,0,0,0,0,0,0
HKE,BE,0,0,0,0,0,0,0,0,0
HKE,BE,6,8,3,5,5,6,3,3,10
HKE,BE,0,0,0,0,0,1,0,1,2
HKE,BE,6,7,3,5,5,6,3,2,8
HKE,BE,0,0,0,0,0,0,0,0,0
HKE,BE,0,0,0,0,0,0,0,0,0
HOM,BE,0,0,0,0,0,0,0,0,0
HOM,BE,0,0,0,0,0,0,0,0,0
HOM,BE,0,0,0,0,0,0,0,0,0
HOM,BE,0,0,0,0,0,0,0,0,0
HOM,BE,0,0,0,0,0,0,0,0,0
HOM,BE,0,0,0,0,0,0,0,0,0
HOM,BE,0,0,0,0,0,0,0,0,0
HOM,BE,0,0,0,0,0,0,0,0,0
HOM,BE,0,0,0,0,0,0,0,0,0
HOM,BE,0,0,0,0,0,0,0,0,0
HOM,BE,0,0,0,0,0,0,0,0,0
HOM,BE,0,0,0,0,0,0,0,0,0
HOM,BE,0,0,0,0,0,0,0,0,0
HOM,BE,0,0,0,0,0,0,0,0,0
HOM,BE,0,0,0,0,0,0,0,0,0
HOM,BE,0,0,0,0,0,0,0,0,0
HOM,BE,0,0,0,0,0,0,0,0,0
HOM,BE,0,0,0,0,0,0,0,0,0
INV,BE,0,0,0,0,0,0,0,0,0
INV,BE,0,0,0,0,0,0,0,0,0
INV,BE,0,0,0,0,0,0,0,0,0
INV,BE,0,0,0,0,0,0,0,0,0
INV,BE,0,0,0,0,0,0,0,0,0
INV,BE,0,0,0,0,0,0,0,0,0
INV,BE,0,0,0,0,0,0,0,0,0
INV,BE,0,0,0,0,0,0,0,0,0
INV,BE,0,0,0,0,0,0,0,0,0
INV,BE,0,0,0,0,0,0,0,0,0
INV,BE,0,0,0,0,0,0,0,0,0
INV,BE,0,0,0,0,0,0,0,0,0
JAX,BE,74,65,48,29,22,5,3,6,4
JAX,BE,59,24,32,20,13,4,3,5,3
JAX,BE,1,0,7,1,1,0,1,0,0
JAX,BE,58,24,25,20,12,4,2,5,3
JAX,BE,15,41,17,9,10,1,0,0,0
JAX,BE,15,27,16,6,5,1,0,0,0
JAX,BE,0,14,0,2,4,0,0,0,0
JOD,BE,33,17,0,0,0,0,0,0,0
JOD,BE,1,0,0,0,0,0,0,0,0
JOD,BE,0,0,0,0,0,0,0,0,0
JOD,BE,1,0,0,0,0,0,0,0,0
JOD,BE,31,16,0,0,0,0,0,0,0
JOD,BE,1,1,0,0,0,0,0,0,0
JOD,BE,7,3,0,0,0,0,0,0,0
JOD,BE,1,1,0,0,0,0,0,0,0
JOD,BE,12,3,0,0,0,0,0,0,0
JOD,BE,11,9,0,0,0,0,0,0,0
JOD,BE,0,0,0,0,0,0,0,0,0
JOD,BE,1,1,0,0,0,0,0,0,0
JOD,BE,1,1,0,0,0,0,0,0,0
LBE,BE,3,2,2,2,11,10,4,2,2
LBE,BE,0,0,0,0,0,0,0,0,0
LBE,BE,0,0,0,0,0,0,0,0,0
LBE,BE,1,1,1,1,10,8,2,1,1
LBE,BE,0,0,0,0,9,7,1,1,0
LBE,BE,1,0,0,1,1,1,2,1,1
LBE,BE,0,0,0,0,0,0,0,0,0
LBE,BE,0,0,0,0,0,0,0,0,0
LBE,BE,0,0,0,0,0,0,0,0,0
LBE,BE,0,0,0,0,0,0,0,0,0
LBE,BE,2,1,1,2,1,2,2,1,1
LBE,BE,0,0,0,0,0,0,0,0,0
LBE,BE,2,1,1,1,1,1,1,1,1
LBE,BE,0,0,0,0,0,0,0,0,0
LBE,BE,0,0,0,0,0,0,0,0,0
LBE,BE,0,0,0,0,0,0,0,0,0
LBE,BE,0,0,0,0,0,0,0,0,0
LBE,BE,0,0,0,0,0,0,0,0,0
LBE,BE,0,0,0,0,0,0,0,0,0
LBE,BE,0,0,0,0,0,0,0,0,0
LBE,BE,0,0,0,0,0,0,0,0,0
LEM,BE,1192,1089,947,821,663,679,885,888,925
LEM,BE,0,0,0,0,0,0,0,0,0
LEM,BE,0,0,0,0,0,0,0,0,0
LEM,BE,650,527,406,387,376,389,527,542,552
LEM,BE,0,0,0,0,0,0,0,0,0
LEM,BE,604,484,377,355,332,287,430,515,502
LEM,BE,47,43,29,31,43,102,97,27,50
LEM,BE,0,0,0,0,0,0,0,0,0
LEM,BE,0,0,0,0,0,0,0,0,0
LEM,BE,0,0,0,0,0,0,0,0,0
LEM,BE,0,0,0,0,0,0,0,0,0
LEM,BE,0,0,0,0,0,0,0,0,0
LEM,BE,0,0,0,0,0,0,0,0,0
LEM,BE,0,0,0,0,0,0,0,0,0
LEM,BE,0,0,0,0,0,0,0,0,0
LEM,BE,542,562,541,434,287,290,358,345,373
LEM,BE,2,4,11,7,8,4,4,11,15
LEM,BE,0,0,0,0,0,0,0,0,0
LEM,BE,163,175,171,153,101,149,140,70,98
LEM,BE,5,10,15,12,5,7,5,10,9
LEM,BE,308,252,211,157,99,75,156,181,144
LEM,BE,63,121,133,106,73,55,52,73,106
LEM,BE,1,0,1,0,1,0,0,0,2
LEM,BE,0,0,0,0,0,0,0,0,0
LEM,BE,0,0,0,0,0,0,0,0,0
LEM,BE,0,0,0,0,0,0,0,1,0
LEM,BE,0,0,0,0,0,0,0,0,0
LEM,BE,0,0,0,0,0,0,0,1,0
LEM,BE,0,0,0,0,0,0,0,0,0
LEZ,BE,189,539,613,338,278,212,171,205,103
LEZ,BE,10,1,0,2,6,2,3,6,2
LEZ,BE,10,0,0,1,6,1,3,6,2
LEZ,BE,0,0,0,1,0,1,0,0,0
LEZ,BE,167,521,605,326,268,205,163,195,98
LEZ,BE,0,1,3,3,4,1,2,2,2
LEZ,BE,0,0,0,0,0,0,0,0,0
LEZ,BE,1,0,1,0,0,0,0,0,0
LEZ,BE,2,2,2,1,1,1,0,1,1
LEZ,BE,68,172,201,94,78,85,45,78,33
LEZ,BE,86,345,392,227,179,117,114,112,59
LEZ,BE,10,1,6,1,6,0,1,1,4
LEZ,BE,0,0,0,0,0,0,0,0,0
LEZ,BE,0,0,0,0,0,0,0,0,0
LEZ,BE,12,18,8,11,4,6,6,4,2
LEZ,BE,0,0,0,0,0,0,0,0,0
LEZ,BE,12,18,8,11,4,6,6,4,2
LIN,BE,97,67,74,57,48,42,71,71,57
LIN,BE,0,0,0,0,0,0,0,0,0
LIN,BE,0,0,0,0,0,0,0,0,0
LIN,BE,0,0,0,0,0,0,0,0,0
LIN,BE,0,0,0,0,0,0,0,0,0
LIN,BE,0,0,0,0,0,0,0,0,0
LIN,BE,0,0,0,0,0,0,0,0,0
LIN,BE,0,0,0,0,0,0,0,0,0
LIN,BE,16,15,12,16,22,19,16,28,25
LIN,BE,0,0,0,0,0,0,0,0,0
LIN,BE,16,15,12,15,22,18,15,27,24
LIN,BE,0,0,0,0,1,1,1,1,1
LIN,BE,0,0,0,0,0,0,0,0,0
LIN,BE,0,0,0,0,0,0,0,0,0
LIN,BE,0,0,0,0,0,0,0,0,0
LIN,BE,0,0,0,0,0,0,0,0,0
LIN,BE,0,0,0,0,0,0,0,0,0
LIN,BE,0,0,0,0,0,0,0,0,0
LIN,BE,0,0,0,0,0,0,0,0,0
LIN,BE,0,0,0,0,0,0,0,0,0
LIN,BE,0,0,0,0,0,0,0,0,0
LIN,BE,0,0,0,0,0,0,0,0,0
LIN,BE,80,52,62,41,25,23,55,43,31
LIN,BE,2,1,2,1,1,1,1,2,2
LIN,BE,0,0,0,0,0,0,0,0,0
LIN,BE,3,3,4,3,3,4,5,6,3
LIN,BE,1,2,3,2,1,2,6,9,7
LIN,BE,61,22,29,20,10,9,32,16,10
LIN,BE,13,24,23,15,10,7,11,10,10
LIN,BE,0,0,0,0,0,0,1,0,1
LIN,BE,0,0,0,0,0,0,0,0,0
LIN,BE,0,0,0,0,0,0,0,0,0
LIN,BE,0,0,0,0,0,0,0,0,0
LIN,BE,0,0,0,0,0,0,0,0,0
LIN,BE,0,0,0,0,0,0,0,0,0
LIN,BE,0,0,0,0,0,0,0,0,0
MAC,BE,56,62,44,21,29,3,2,1,4
MAC,BE,0,0,0,0,0,0,0,0,0
MAC,BE,0,0,0,0,0,0,0,0,0
MAC,BE,56,62,43,21,27,3,2,1,3
MAC,BE,0,0,0,0,0,0,0,0,0
MAC,BE,14,15,31,4,15,1,0,0,0
MAC,BE,42,47,12,17,12,2,2,1,3
MAC,BE,0,0,0,0,0,0,0,0,0
MAC,BE,0,0,0,0,0,0,0,0,0
MAC,BE,0,0,0,0,0,0,0,0,0
MAC,BE,0,0,0,0,0,0,0,0,0
MAC,BE,0,0,0,0,0,0,0,0,0
MAC,BE,0,0,1,0,2,1,0,0,0
MAC,BE,0,0,0,0,0,0,0,0,0
MAC,BE,0,0,1,0,1,0,0,0,0
MAC,BE,0,0,0,0,0,0,0,0,0
MAC,BE,0,0,0,0,0,0,0,0,0
MAC,BE,0,0,0,0,1,0,0,0,0
MAC,BE,0,0,0,0,0,0,0,0,0
MAC,BE,0,0,0,0,0,0,0,0,0
MAC,BE,0,0,0,0,0,0,0,0,0
MAC,BE,0,0,0,0,0,0,0,0,0
MEB,BE,0,0,0,0,0,0,0,0,0
MEB,BE,0,0,0,0,0,0,0,0,0
MEB,BE,0,0,0,0,0,0,0,0,0
MEG,BE,0,0,0,0,0,0,0,0,0
MEG,BE,0,0,0,0,0,0,0,0,0
MEG,BE,0,0,0,0,0,0,0,0,0
MEG,BE,0,0,0,0,0,0,0,0,0
MEG,BE,0,0,0,0,0,0,0,0,0
MEG,BE,0,0,0,0,0,0,0,0,0
MEG,BE,0,0,0,0,0,0,0,0,0
MEG,BE,0,0,0,0,0,0,0,0,0
MEG,BE,0,0,0,0,0,0,0,0,0
MEG,BE,0,0,0,0,0,0,0,0,0
MEG,BE,0,0,0,0,0,0,0,0,0
MEG,BE,0,0,0,0,0,0,0,0,0
MEG,BE,0,0,0,0,0,0,0,0,0
MEG,BE,0,0,0,0,0,0,0,0,0
MEG,BE,0,0,0,0,0,0,0,0,0
MEG,BE,0,0,0,0,0,0,0,0,0
MEG,BE,0,0,0,0,0,0,0,0,0
MEG,BE,0,0,0,0,0,0,0,0,0
MEG,BE,0,0,0,0,0,0,0,0,0
MEG,BE,0,0,0,0,0,0,0,0,0
MEG,BE,0,0,0,0,0,0,0,0,0
MEG,BE,0,0,0,0,0,0,0,0,0
MEG,BE,0,0,0,0,0,0,0,0,0
MEG,BE,0,0,0,0,0,0,0,0,0
MEG,BE,0,0,0,0,0,0,0,0,0
MEG,BE,0,0,0,0,0,0,0,0,0
MGC,BE,0,0,0,0,0,0,0,0,0
MGC,BE,0,0,0,0,0,0,0,0,0
MGC,BE,0,0,0,0,0,0,0,0,0
MNZ,BE,0,0,0,0,0,0,0,0,0
MNZ,BE,0,0,0,0,0,0,0,0,0
MNZ,BE,0,0,0,0,0,0,0,0,0
MNZ,BE,0,0,0,0,0,0,0,0,0
MNZ,BE,0,0,0,0,0,0,0,0,0
MNZ,BE,0,0,0,0,0,0,0,0,0
MNZ,BE,0,0,0,0,0,0,0,0,0
MNZ,BE,0,0,0,0,0,0,0,0,0
MNZ,BE,0,0,0,0,0,0,0,0,0
MNZ,BE,0,0,0,0,0,0,0,0,0
MNZ,BE,0,0,0,0,0,0,0,0,0
MNZ,BE,0,0,0,0,0,0,0,0,0
MNZ,BE,0,0,0,0,0,0,0,0,0
MNZ,BE,0,0,0,0,0,0,0,0,0
MNZ,BE,0,0,0,0,0,0,0,0,0
MNZ,BE,0,0,0,0,0,0,0,0,0
MNZ,BE,0,0,0,0,0,0,0,0,0
MNZ,BE,0,0,0,0,0,0,0,0,0
MNZ,BE,0,0,0,0,0,0,0,0,0
MNZ,BE,0,0,0,0,0,0,0,0,0
MNZ,BE,0,0,0,0,0,0,0,0,0
MNZ,BE,0,0,0,0,0,0,0,0,0
MNZ,BE,0,0,0,0,0,0,0,0,0
MNZ,BE,0,0,0,0,0,0,0,0,0
MNZ,BE,0,0,0,0,0,0,0,0,0
MNZ,BE,0,0,0,0,0,0,0,0,0
MNZ,BE,0,0,0,0,0,0,0,0,0
MNZ,BE,0,0,0,0,0,0,0,0,0
MNZ,BE,0,0,0,0,0,0,0,0,0
MNZ,BE,0,0,0,0,0,0,0,0,0
MNZ,BE,0,0,0,0,0,0,0,0,0
MNZ,BE,0,0,0,0,0,0,0,0,0
MNZ,BE,0,0,0,0,0,0,0,0,0
MNZ,BE,0,0,0,0,0,0,0,0,0
MOL,BE,0,0,0,0,0,0,0,0,0
MOL,BE,0,0,0,0,0,0,0,0,0
MOL,BE,0,0,0,0,0,0,0,0,0
MOL,BE,0,0,0,0,0,0,0,0,0
MOL,BE,0,0,0,0,0,0,0,0,0
MOL,BE,0,0,0,0,0,0,0,0,0
MOL,BE,0,0,0,0,0,0,0,0,0
MOL,BE,0,0,0,0,0,0,0,0,0
MOL,BE,0,0,0,0,0,0,0,0,0
MOL,BE,0,0,0,0,0,0,0,0,0
MOL,BE,0,0,0,0,0,0,0,0,0
MOL,BE,0,0,0,0,0,0,0,0,0
MOL,BE,0,0,0,0,0,0,0,0,0
MOL,BE,0,0,0,0,0,0,0,0,0
MOL,BE,0,0,0,0,0,0,0,0,0
MOL,BE,0,0,0,0,0,0,0,0,0
MOL,BE,0,0,0,0,0,0,0,0,0
MUR,BE,83,61,76,104,83,33,42,56,45
MUR,BE,8,6,13,14,18,4,4,3,4
MUR,BE,0,2,8,3,5,1,1,1,2
MUR,BE,8,5,5,11,13,2,3,2,2
MUR,BE,71,50,60,88,61,25,33,49,39
MUR,BE,0,0,0,0,0,0,0,0,0
MUR,BE,63,27,26,69,44,10,11,10,8
MUR,BE,1,11,25,11,9,6,10,24,17
MUR,BE,7,10,7,5,5,8,10,12,10
MUR,BE,1,3,2,2,2,1,2,3,3
MUR,BE,0,0,0,0,0,0,0,0,0
MUR,BE,4,5,3,3,4,5,5,3,2
MUR,BE,0,0,0,0,0,0,0,0,0
MUR,BE,4,5,3,3,4,4,4,3,2
MUS,BE,0,0,0,0,0,0,0,0,0
MUS,BE,0,0,0,0,0,0,0,0,0
MUS,BE,0,0,0,0,0,0,0,0,0
MUS,BE,0,0,0,0,0,0,0,0,0
MZZ,BE,0,0,0,0,0,0,0,0,0
MZZ,BE,0,0,0,0,0,0,0,0,0
MZZ,BE,0,0,0,0,0,0,0,0,0
NEP,BE,503,317,382,306,134,282,212,215,228
NEP,BE,0,0,0,0,0,0,0,0,0
NEP,BE,0,0,0,0,0,0,0,0,0
NEP,BE,494,303,374,295,115,265,200,205,213
NEP,BE,0,0,0,0,0,0,0,0,0
NEP,BE,494,303,373,284,115,263,198,205,213
NEP,BE,0,0,0,11,0,2,2,0,1
NEP,BE,0,0,0,0,0,0,0,0,0
NEP,BE,0,0,0,0,0,0,0,0,0
NEP,BE,0,0,0,0,0,0,0,0,0
NEP,BE,0,0,0,0,0,0,0,0,0
NEP,BE,0,0,0,0,0,0,0,0,0
NEP,BE,0,0,0,0,0,0,0,0,0
NEP,BE,8,14,7,8,15,15,11,7,8
NEP,BE,0,0,0,0,0,0,2,1,1
NEP,BE,0,0,0,0,0,0,0,0,0
NEP,BE,0,0,0,0,0,0,0,0,0
NEP,BE,0,0,0,0,0,2,0,0,0
NEP,BE,8,13,6,7,15,13,9,6,7
NEP,BE,0,0,1,3,3,2,1,3,7
NEP,BE,0,0,0,0,0,0,0,1,1
NEP,BE,0,0,1,3,3,1,1,2,6
NEP,BE,0,0,0,0,0,0,0,0,0
OCZ,BE,46,111,128,93,69,45,31,48,35
OCZ,BE,0,0,1,2,1,1,3,2,2
OCZ,BE,0,0,1,1,1,1,2,1,2
OCZ,BE,0,0,0,0,0,0,0,1,0
OCZ,BE,0,0,0,0,0,0,0,0,0
OCZ,BE,0,0,0,0,0,0,0,0,0
OCZ,BE,20,89,112,77,55,33,20,31,27
OCZ,BE,0,1,2,4,2,1,1,0,2
OCZ,BE,2,2,4,2,2,2,1,1,1
OCZ,BE,3,18,36,20,15,6,7,4,2
OCZ,BE,9,40,40,34,22,17,9,20,16
OCZ,BE,5,28,28,18,14,7,3,5,6
OCZ,BE,0,0,1,0,0,0,0,1,0
OCZ,BE,0,0,0,0,0,0,0,0,0
OCZ,BE,0,0,0,0,0,0,0,0,0
OCZ,BE,26,23,15,14,13,10,8,16,6
OCZ,BE,0,0,0,0,1,0,0,0,0
OCZ,BE,26,23,15,14,12,10,8,15,6
OCZ,BE,0,0,0,0,0,0,0,0,0
OYF,BE,0,0,0,0,0,0,0,0,0
OYF,BE,0,0,0,0,0,0,0,0,0
OYF,BE,0,0,0,0,0,0,0,0,0
PEE,BE,0,0,0,0,0,0,0,0,0
PEE,BE,0,0,0,0,0,0,0,0,0
PEE,BE,0,0,0,0,0,0,0,0,0
PIL,BE,2,0,0,0,0,0,0,0,0
PIL,BE,2,0,0,0,0,0,0,0,0
PIL,BE,2,0,0,0,0,0,0,0,0
PIL,BE,0,0,0,0,0,0,0,0,0
PIL,BE,0,0,0,0,0,0,0,0,0
PLE,BE,8868,8228,6687,6344,5200,5007,5220,5732,5139
PLE,BE,0,0,0,0,0,0,0,0,0
PLE,BE,0,0,0,0,0,0,0,0,0
PLE,BE,0,0,0,0,0,0,0,0,0
PLE,BE,0,0,0,0,0,0,0,0,0
PLE,BE,7152,6508,5066,4588,3699,3537,3396,3894,3524
PLE,BE,0,1,0,0,0,0,0,0,0
PLE,BE,5540,5359,4172,3313,2285,2385,2422,3317,2619
PLE,BE,1612,1148,894,1275,1415,1152,974,577,905
PLE,BE,0,0,0,0,0,0,0,0,0
PLE,BE,0,0,0,0,0,0,0,0,0
PLE,BE,0,0,0,0,0,0,0,0,0
PLE,BE,0,0,0,0,0,0,0,0,0
PLE,BE,0,0,0,0,0,0,0,0,0
PLE,BE,1715,1720,1619,1753,1500,1469,1822,1834,1613
PLE,BE,100,144,236,332,138,197,157,194,343
PLE,BE,1389,1295,1045,1067,1123,1002,1386,1355,1024
PLE,BE,41,97,134,141,51,53,66,84,52
PLE,BE,103,82,88,62,60,63,50,65,40
PLE,BE,79,102,115,148,128,153,137,129,132
PLE,BE,4,0,2,4,0,1,25,7,22
PLE,BE,0,0,0,0,0,0,0,0,0
PLE,BE,0,0,0,0,0,0,0,0,0
PLE,BE,1,0,3,2,2,2,2,5,2
PLE,BE,0,0,2,1,0,1,1,2,1
PLE,BE,1,0,1,1,1,1,1,3,1
PLE,BE,0,0,0,0,0,0,0,0,0
PLE,BE,0,0,0,0,0,0,0,0,0
POK,BE,7,4,4,3,16,29,9,20,16
POK,BE,0,0,0,0,0,0,0,0,0
POK,BE,0,0,0,0,0,0,0,0,0
POK,BE,0,0,0,0,0,0,0,0,0
POK,BE,0,0,0,0,0,0,0,0,0
POK,BE,0,0,0,0,0,0,0,0,0
POK,BE,0,0,0,0,0,0,0,0,0
POK,BE,0,0,0,0,0,0,0,0,0
POK,BE,5,3,2,2,15,27,7,18,15
POK,BE,0,0,0,0,0,0,0,0,0
POK,BE,5,3,2,2,14,27,7,18,15
POK,BE,0,0,0,0,1,0,0,0,0
POK,BE,0,0,0,0,0,0,0,0,0
POK,BE,0,0,0,0,0,0,0,0,0
POK,BE,0,0,0,0,0,0,0,0,0
POK,BE,0,0,0,0,0,0,0,0,0
POK,BE,0,0,0,0,0,0,0,0,0
POK,BE,0,0,0,0,0,0,0,0,0
POK,BE,0,0,0,0,0,0,0,0,0
POK,BE,0,0,0,0,0,0,0,0,0
POK,BE,2,2,2,1,1,2,1,2,1
POK,BE,0,0,0,0,0,0,0,0,0
POK,BE,0,0,0,0,0,0,0,0,0
POK,BE,0,0,0,0,0,0,0,0,0
POK,BE,1,1,1,0,0,0,0,0,0
POK,BE,1,1,1,1,1,1,1,1,0
POK,BE,0,0,0,0,0,0,0,0,0
POK,BE,0,0,0,0,0,0,0,0,0
POK,BE,0,0,0,0,0,0,0,0,0
POK,BE,0,0,0,0,0,0,0,0,0
POK,BE,0,0,0,0,0,0,0,0,0
POK,BE,0,0,0,0,0,0,0,0,0
POK,BE,0,0,0,0,0,0,0,0,0
POK,BE,0,0,0,0,0,0,0,0,0
POL,BE,107,55,60,49,47,53,90,107,96
POL,BE,0,0,0,0,0,0,0,0,0
POL,BE,0,0,0,0,0,0,0,0,0
POL,BE,0,0,0,0,0,0,0,0,0
POL,BE,0,0,0,0,0,0,0,0,0
POL,BE,0,0,0,0,0,0,0,0,0
POL,BE,0,0,0,0,0,0,0,0,0
POL,BE,0,0,0,0,0,0,0,0,0
POL,BE,24,17,17,12,12,13,14,17,18
POL,BE,0,0,0,0,0,0,0,0,0
POL,BE,24,16,17,12,11,12,14,17,17
POL,BE,0,0,0,0,1,1,1,1,1
POL,BE,0,0,0,0,0,0,0,0,0
POL,BE,0,0,0,0,0,0,0,0,0
POL,BE,0,0,0,0,0,0,0,0,0
POL,BE,0,0,0,0,0,0,0,0,0
POL,BE,0,0,0,0,0,0,0,0,0
POL,BE,84,39,43,37,35,41,76,90,78
POL,BE,1,2,2,2,2,3,4,6,8
POL,BE,21,11,8,8,10,16,21,24,36
POL,BE,1,3,5,4,4,4,19,26,15
POL,BE,51,9,8,10,6,10,24,22,10
POL,BE,10,15,20,13,13,9,8,13,10
POL,BE,0,0,0,0,0,0,0,0,0
POL,BE,0,0,0,0,0,0,0,0,0
POL,BE,0,0,0,0,0,0,0,0,0
POL,BE,0,0,0,0,0,0,0,0,0
POL,BE,0,0,0,0,0,0,0,0,0
POL,BE,0,0,0,0,0,0,0,0,0
POL,BE,0,0,0,0,0,0,0,0,0
POR,BE,0,0,0,0,0,0,0,0,0
POR,BE,0,0,0,0,0,0,0,0,0
POR,BE,0,0,0,0,0,0,0,0,0
POR,BE,0,0,0,0,0,0,0,0,0
POR,BE,0,0,0,0,0,0,0,0,0
POR,BE,0,0,0,0,0,0,0,0,0
POR,BE,0,0,0,0,0,0,0,0,0
POR,BE,0,0,0,0,0,0,0,0,0
PPX,BE,4,24,28,12,4,1,1,1,0
PPX,BE,0,0,0,0,0,0,0,0,0
PPX,BE,0,0,0,0,0,0,0,0,0
PPX,BE,0,0,0,0,0,0,0,0,0
PPX,BE,4,24,27,11,4,1,1,0,0
PPX,BE,0,0,1,0,0,0,0,0,0
PPX,BE,4,4,6,3,1,0,0,0,0
PPX,BE,0,5,3,1,0,0,0,0,0
PPX,BE,0,7,8,4,2,0,0,0,0
PPX,BE,0,8,8,4,1,0,0,0,0
PPX,BE,0,0,0,0,0,0,0,0,0
PPX,BE,0,0,0,0,0,0,0,0,0
PPX,BE,0,0,0,0,0,0,0,0,0
PPX,BE,0,1,1,1,0,0,0,0,0
PPX,BE,0,0,0,0,0,0,0,0,0
PPX,BE,0,0,1,1,0,0,0,0,0
PPX,BE,0,0,0,0,0,0,0,0,0
RED,BE,0,0,0,0,0,0,0,0,1
RED,BE,0,0,0,0,0,0,0,0,0
RED,BE,0,0,0,0,0,0,0,0,0
RED,BE,0,0,0,0,0,0,0,0,0
RED,BE,0,0,0,0,0,0,0,0,0
RED,BE,0,0,0,0,0,0,0,0,0
RED,BE,0,0,0,0,0,0,0,0,1
RED,BE,0,0,0,0,0,0,0,0,0
RED,BE,0,0,0,0,0,0,0,0,1
RED,BE,0,0,0,0,0,0,0,0,0
RED,BE,0,0,0,0,0,0,0,0,0
RED,BE,0,0,0,0,0,0,0,0,0
RED,BE,0,0,0,0,0,0,0,0,0
RED,BE,0,0,0,0,0,0,0,0,0
RED,BE,0,0,0,0,0,0,0,0,0
RED,BE,0,0,0,0,0,0,0,0,0
RED,BE,0,0,0,0,0,0,0,0,0
RED,BE,0,0,0,0,0,0,0,0,0
RED,BE,0,0,0,0,0,0,0,0,0
RED,BE,0,0,0,0,0,0,0,0,0
RED,BE,0,0,0,0,0,0,0,0,0
RED,BE,0,0,0,0,0,0,0,0,0
RED,BE,0,0,0,0,0,0,0,0,0
RED,BE,0,0,0,0,0,0,0,0,0
RJB,BE,0,0,0,0,0,0,0,0,0
RJB,BE,0,0,0,0,0,0,0,0,0
RJB,BE,0,0,0,0,0,0,0,0,0
RJB,BE,0,0,0,0,0,0,0,0,0
RJB,BE,0,0,0,0,0,0,0,0,0
RJC,BE,452,599,601,485,384,399,571,0,0
RJC,BE,129,112,91,115,139,106,131,0,0
RJC,BE,30,10,9,9,3,2,3,0,0
RJC,BE,99,103,82,106,136,104,128,0,0
RJC,BE,320,484,509,368,244,292,438,0,0
RJC,BE,92,180,214,142,85,81,130,0,0
RJC,BE,77,88,64,53,40,55,84,0,0
RJC,BE,3,4,4,3,8,2,4,0,0
RJC,BE,31,38,42,41,24,39,55,0,0
RJC,BE,117,174,184,130,87,115,165,0,0
RJC,BE,0,0,0,0,0,0,0,0,0
RJC,BE,3,3,2,2,1,2,2,0,0
RJC,BE,0,0,0,0,0,0,0,0,0
RJC,BE,3,3,2,2,1,2,2,0,0
RJE,BE,0,0,1,0,0,0,0,0,0
RJE,BE,0,0,0,0,0,0,0,0,0
RJE,BE,0,0,0,0,0,0,0,0,0
RJE,BE,0,0,1,0,0,0,0,0,0
RJE,BE,0,0,0,0,0,0,0,0,0
RJE,BE,0,0,1,0,0,0,0,0,0
RJH,BE,446,543,495,366,280,296,307,0,0
RJH,BE,66,99,62,30,45,91,56,0,0
RJH,BE,21,15,12,2,3,1,2,0,0
RJH,BE,44,84,50,28,42,90,54,0,0
RJH,BE,380,444,433,336,234,204,252,0,0
RJH,BE,107,150,140,183,92,75,44,0,0
RJH,BE,25,30,25,17,21,18,66,0,0
RJH,BE,2,5,4,2,3,6,6,0,0
RJH,BE,58,60,55,32,21,15,27,0,0
RJH,BE,187,200,209,101,98,90,109,0,0
RJH,BE,0,0,0,0,0,0,0,0,0
RJH,BE,0,0,0,0,0,0,0,0,0
RJH,BE,0,0,0,0,0,0,0,0,0
RJI,BE,90,107,129,123,40,0,0,0,0
RJI,BE,1,1,1,0,0,0,0,0,0
RJI,BE,0,0,0,0,0,0,0,0,0
RJI,BE,1,1,1,0,0,0,0,0,0
RJI,BE,89,106,129,123,40,0,0,0,0
RJI,BE,2,4,5,2,0,0,0,0,0
RJI,BE,5,6,3,2,2,0,0,0,0
RJI,BE,1,1,1,1,0,0,0,0,0
RJI,BE,23,25,30,34,8,0,0,0,0
RJI,BE,59,71,90,83,30,0,0,0,0
RJM,BE,9,31,84,157,88,105,122,0,0
RJM,BE,4,14,11,33,32,36,28,0,0
RJM,BE,4,9,5,17,7,4,6,0,0
RJM,BE,1,5,5,17,25,32,22,0,0
RJM,BE,5,17,74,124,56,69,94,0,0
RJM,BE,0,1,16,49,13,14,18,0,0
RJM,BE,1,3,1,3,3,3,11,0,0
RJM,BE,0,0,1,1,1,1,1,0,0
RJM,BE,2,5,20,14,7,14,11,0,0
RJM,BE,2,8,36,56,33,37,53,0,0
RJM,BE,0,0,0,0,0,0,0,0,0
RJM,BE,0,0,0,0,0,0,0,0,0
RJM,BE,0,0,0,0,0,0,0,0,0
RJN,BE,49,101,94,117,74,80,86,0,0
RJN,BE,1,1,1,5,4,2,3,0,0
RJN,BE,0,1,1,5,3,1,2,0,0
RJN,BE,1,1,0,1,1,1,1,0,0
RJN,BE,43,97,91,108,68,71,78,0,0
RJN,BE,18,36,37,39,25,24,24,0,0
RJN,BE,1,1,0,1,1,1,1,0,0
RJN,BE,1,1,1,1,1,1,2,0,0
RJN,BE,11,18,17,21,12,16,15,0,0
RJN,BE,13,41,35,46,29,29,35,0,0
RJN,BE,0,0,0,0,0,0,0,0,0
RJN,BE,5,3,2,4,3,8,6,0,0
RJN,BE,0,0,0,0,0,0,0,0,0
RJN,BE,5,3,2,4,3,8,6,0,0
RJR,BE,2,5,1,1,0,0,2,0,0
RJR,BE,2,1,0,1,0,0,0,0,0
RJR,BE,2,0,0,0,0,0,0,0,0
RJR,BE,0,1,0,1,0,0,0,0,0
RJR,BE,0,3,1,0,0,0,2,0,0
RJR,BE,0,0,0,0,0,0,1,0,0
RJR,BE,0,2,0,0,0,0,0,0,0
RJR,BE,0,0,0,0,0,0,0,0,0
RJR,BE,0,1,0,0,0,0,0,0,0
RJR,BE,0,0,0,0,0,0,1,0,0
SBX,BE,0,0,0,0,0,0,0,0,0
SBX,BE,0,0,0,0,0,0,0,0,0
SBX,BE,0,0,0,0,0,0,0,0,0
SBX,BE,0,0,0,0,0,0,0,0,0
SBX,BE,0,0,0,0,0,0,0,0,0
SBX,BE,0,0,0,0,0,0,0,0,0
SBX,BE,0,0,0,0,0,0,0,0,0
SCE,BE,1224,618,751,898,1036,886,674,634,534
SCE,BE,3,2,4,9,10,7,8,11,6
SCE,BE,0,0,0,0,0,0,0,0,0
SCE,BE,0,0,1,0,0,0,1,2,2
SCE,BE,2,1,3,9,10,6,7,9,5
SCE,BE,0,0,0,0,0,0,0,0,0
SCE,BE,0,0,0,0,0,0,0,0,0
SCE,BE,1218,615,745,885,1024,878,665,622,528
SCE,BE,2,1,41,223,154,9,90,6,8
SCE,BE,719,416,288,467,659,629,436,440,425
SCE,BE,207,22,246,82,134,188,51,54,19
SCE,BE,196,148,140,88,68,47,81,102,58
SCE,BE,13,29,30,26,9,5,7,19,16
SCE,BE,82,0,0,0,0,0,0,0,1
SCE,BE,0,0,0,0,0,0,0,0,0
SCE,BE,0,0,0,0,0,0,0,0,0
SCE,BE,3,2,3,3,3,1,1,1,1
SCE,BE,0,0,0,0,0,0,0,0,0
SCE,BE,3,2,2,3,3,1,1,0,1
SCE,BE,0,0,0,0,0,0,0,0,0
SCL,BE,494,470,519,565,485,502,0,0,0
SCL,BE,140,71,104,154,141,166,0,0,0
SCL,BE,6,1,2,2,1,1,0,0,0
SCL,BE,134,70,102,152,139,166,0,0,0
SCL,BE,328,376,383,384,316,312,0,0,0
SCL,BE,15,24,39,39,34,45,0,0,0
SCL,BE,187,159,147,156,150,144,0,0,0
SCL,BE,13,31,31,35,20,17,0,0,0
SCL,BE,52,56,63,55,35,40,0,0,0
SCL,BE,60,106,101,98,77,67,0,0,0
SCL,BE,1,0,1,0,0,0,0,0,0
SCL,BE,26,23,32,28,28,24,0,0,0
SCL,BE,1,0,0,0,0,1,0,0,0
SCL,BE,25,23,32,28,28,23,0,0,0
SDV,BE,1,1,0,0,0,0,0,0,0
SDV,BE,0,0,0,0,0,0,0,0,0
SDV,BE,0,0,0,0,0,0,0,0,0
SDV,BE,0,1,0,0,0,0,0,0,0
SDV,BE,0,1,0,0,0,0,0,0,0
SKA,BE,9,27,151,322,458,554,613,1901,1861
SKA,BE,0,0,0,0,0,0,0,0,0
SKA,BE,0,0,0,0,0,0,0,0,0
SKA,BE,0,0,0,0,0,0,0,0,0
SKA,BE,0,0,0,0,0,0,0,0,0
SKA,BE,0,0,0,0,0,0,0,0,0
SKA,BE,0,0,0,0,0,0,0,0,0
SKA,BE,0,0,0,0,0,0,0,0,0
SKA,BE,1,3,28,61,89,101,126,272,357
SKA,BE,0,0,0,0,0,0,0,0,0
SKA,BE,1,2,3,10,17,7,19,42,40
SKA,BE,0,1,25,52,72,94,106,230,316
SKA,BE,0,0,0,0,0,0,0,0,0
SKA,BE,0,0,0,0,0,0,0,0,0
SKA,BE,0,0,0,0,0,0,0,0,0
SKA,BE,0,0,0,0,0,0,0,0,4
SKA,BE,0,0,0,0,0,0,0,0,4
SKA,BE,7,24,122,261,369,451,486,1620,1485
SKA,BE,0,9,39,83,70,81,78,680,626
SKA,BE,0,0,0,0,0,0,0,0,0
SKA,BE,2,4,11,30,29,23,66,164,118
SKA,BE,0,0,2,3,7,4,5,16,13
SKA,BE,1,3,16,37,69,103,76,206,142
SKA,BE,4,8,56,108,195,240,260,552,584
SKA,BE,0,0,0,0,0,0,1,1,2
SKA,BE,0,0,0,0,0,0,0,0,0
SKA,BE,0,0,0,0,0,0,0,0,0
SKA,BE,0,0,0,0,1,2,1,9,14
SKA,BE,0,0,0,0,0,0,0,0,2
SKA,BE,0,0,0,0,1,2,1,9,12
SKA,BE,0,0,0,0,0,0,0,0,0
SKH,BE,8,10,8,2,10,9,15,12,12
SKH,BE,2,1,1,1,4,7,10,5,7
SKH,BE,0,0,0,0,0,0,2,0,1
SKH,BE,2,1,1,1,4,7,8,4,6
SKH,BE,0,0,0,0,0,0,0,0,0
SKH,BE,0,0,0,0,0,0,0,0,0
SKH,BE,5,9,7,1,6,3,5,8,6
SKH,BE,0,0,0,0,0,0,1,1,1
SKH,BE,5,6,3,1,3,1,2,5,3
SKH,BE,0,2,4,0,1,1,0,0,1
SKH,BE,0,0,0,0,0,0,1,1,0
SKH,BE,0,0,0,0,1,1,1,1,2
SKH,BE,0,0,0,0,0,0,0,0,0
SKH,BE,0,0,0,0,0,0,0,0,0
SKH,BE,0,0,0,0,0,0,0,0,0
SKH,BE,0,0,0,0,0,0,0,0,0
SKH,BE,0,0,0,0,0,0,0,0,0
SKH,BE,0,0,0,0,0,0,0,0,0
SKH,BE,0,0,0,0,0,0,0,0,0
SMD,BE,0,0,0,0,0,0,0,0,0
SMD,BE,0,0,0,0,0,0,0,0,0
SMD,BE,0,0,0,0,0,0,0,0,0
SMD,BE,0,0,0,0,0,0,0,0,0
SMD,BE,0,0,0,0,0,0,0,0,0
SOL,BE,3605,2889,3055,3530,3886,4004,3772,3856,3991
SOL,BE,0,0,0,0,0,0,0,0,0
SOL,BE,0,0,0,0,0,0,0,0,0
SOL,BE,966,706,607,864,1268,1368,1379,973,987
SOL,BE,0,0,0,0,0,0,0,0,0
SOL,BE,193,108,119,116,75,118,160,159,126
SOL,BE,773,598,488,748,1192,1250,1219,814,861
SOL,BE,0,0,0,0,0,0,0,0,0
SOL,BE,0,0,0,0,0,0,0,0,0
SOL,BE,0,0,0,0,0,0,0,0,0
SOL,BE,0,0,0,0,0,0,0,0,0
SOL,BE,0,0,0,0,0,0,0,0,0
SOL,BE,2309,1871,2063,2279,2167,2273,2087,2482,2611
SOL,BE,43,96,222,250,217,257,216,306,419
SOL,BE,1496,952,941,1222,1294,1475,1368,1530,1547
SOL,BE,25,30,39,22,17,17,28,34,32
SOL,BE,500,453,495,356,238,247,285,384,255
SOL,BE,203,336,348,419,383,266,181,198,321
SOL,BE,42,4,18,10,20,11,10,31,36
SOL,BE,0,0,0,0,0,0,0,0,0
SOL,BE,0,0,0,0,0,0,0,0,0
SOL,BE,329,312,385,386,451,363,305,401,393
SOL,BE,25,16,35,19,36,39,22,73,67
SOL,BE,304,297,351,367,416,325,283,328,326
SOL,BE,0,0,0,0,0,0,0,0,0
SOL,BE,0,0,0,0,0,0,0,0,0
SOS,BE,68,27,0,0,0,0,0,0,0
SOS,BE,1,0,0,0,0,0,0,0,0
SOS,BE,1,0,0,0,0,0,0,0,0
SOS,BE,66,27,0,0,0,0,0,0,0
SOS,BE,1,0,0,0,0,0,0,0,0
SOS,BE,49,14,0,0,0,0,0,0,0
SOS,BE,1,1,0,0,0,0,0,0,0
SOS,BE,11,3,0,0,0,0,0,0,0
SOS,BE,5,9,0,0,0,0,0,0,0
SOS,BE,0,0,0,0,0,0,0,0,0
SOS,BE,0,0,0,0,0,0,0,0,0
SOS,BE,0,0,0,0,0,0,0,0,0
SPR,BE,0,1,1,0,1,0,0,1,1
SPR,BE,0,1,1,0,1,0,0,1,1
SPR,BE,0,0,0,0,0,0,0,0,0
SPR,BE,0,1,1,0,1,0,0,1,1
SPR,BE,0,0,0,0,0,0,0,0,0
SPR,BE,0,0,0,0,0,0,0,0,0
SQC,BE,192,153,134,98,100,83,101,145,81
SQC,BE,0,0,0,0,0,0,0,0,0
SQC,BE,0,0,0,0,0,0,0,0,0
SQC,BE,34,8,15,14,15,22,14,27,26
SQC,BE,0,0,0,0,0,0,0,0,0
SQC,BE,15,2,11,7,5,5,4,20,17
SQC,BE,19,6,4,6,10,17,10,7,9
SQC,BE,0,0,0,0,0,0,0,0,0
SQC,BE,0,0,0,0,0,0,0,0,0
SQC,BE,0,0,0,0,0,0,0,0,0
SQC,BE,0,0,0,0,0,0,0,0,0
SQC,BE,0,0,0,0,0,0,0,0,0
SQC,BE,158,145,118,84,85,60,86,117,55
SQC,BE,0,1,2,2,0,1,1,1,1
SQC,BE,151,102,66,51,65,43,71,96,42
SQC,BE,2,8,13,9,5,3,5,10,4
SQC,BE,3,22,29,14,11,10,5,4,5
SQC,BE,1,12,8,9,4,4,4,6,3
SQC,BE,0,0,0,0,0,0,0,0,0
SQC,BE,0,0,0,0,0,0,0,0,0
SQC,BE,0,0,0,0,0,0,0,0,0
SQC,BE,0,0,1,1,0,1,1,2,0
SQC,BE,0,0,0,0,0,0,0,0,0
SQC,BE,0,0,0,1,0,1,1,2,0
SQC,BE,0,0,0,0,0,0,0,0,0
SQZ,BE,0,2,0,0,0,0,0,0,0
SQZ,BE,0,2,0,0,0,0,0,0,0
SQZ,BE,0,1,0,0,0,0,0,0,0
SQZ,BE,0,0,0,0,0,0,0,0,0
STU,BE,0,0,0,0,0,0,0,0,0
STU,BE,0,0,0,0,0,0,0,0,0
STU,BE,0,0,0,0,0,0,0,0,0
SYC,BE,2,4,0,0,0,0,0,0,0
SYC,BE,2,4,0,0,0,0,0,0,0
SYC,BE,1,3,0,0,0,0,0,0,0
SYC,BE,0,1,0,0,0,0,0,0,0
SYC,BE,0,1,0,0,0,0,0,0,0
SYC,BE,0,0,0,0,0,0,0,0,0
SYT,BE,27,0,0,0,0,0,0,0,0
SYT,BE,0,0,0,0,0,0,0,0,0
SYT,BE,0,0,0,0,0,0,0,0,0
SYT,BE,27,0,0,0,0,0,0,0,0
SYT,BE,9,0,0,0,0,0,0,0,0
SYT,BE,3,0,0,0,0,0,0,0,0
SYT,BE,0,0,0,0,0,0,0,0,0
SYT,BE,4,0,0,0,0,0,0,0,0
SYT,BE,11,0,0,0,0,0,0,0,0
TUR,BE,437,404,417,386,334,384,357,406,373
TUR,BE,0,0,0,0,0,0,0,0,0
TUR,BE,0,0,0,0,0,0,0,0,0
TUR,BE,0,0,0,0,0,0,0,0,0
TUR,BE,0,0,0,0,0,0,0,0,0
TUR,BE,176,161,150,122,118,172,182,173,147
TUR,BE,0,0,0,0,0,0,0,0,0
TUR,BE,135,122,125,87,69,103,96,111,96
TUR,BE,41,39,25,35,49,69,86,62,50
TUR,BE,0,0,0,0,0,0,0,0,0
TUR,BE,0,0,0,0,0,0,0,0,0
TUR,BE,0,0,0,0,0,0,0,0,0
TUR,BE,0,0,0,0,0,0,0,0,2
TUR,BE,0,0,0,0,0,0,0,0,2
TUR,BE,0,0,0,0,0,0,0,0,0
TUR,BE,0,0,0,0,0,0,0,0,0
TUR,BE,259,239,262,258,211,206,170,228,217
TUR,BE,10,15,20,22,21,18,19,31,35
TUR,BE,191,122,116,122,103,116,94,118,97
TUR,BE,6,6,11,13,6,6,4,7,3
TUR,BE,20,29,36,24,22,20,17,23,16
TUR,BE,31,68,78,76,59,46,36,49,66
TUR,BE,0,0,0,0,0,0,0,0,0
TUR,BE,0,0,0,0,0,0,0,0,0
TUR,BE,0,0,0,0,0,0,0,0,0
TUR,BE,3,3,6,6,5,6,5,5,7
TUR,BE,0,0,0,0,0,0,0,0,1
TUR,BE,3,3,6,6,5,5,5,5,6
TUR,BE,0,0,0,0,0,0,0,0,0
USK,BE,0,0,0,0,0,0,0,0,0
USK,BE,0,0,0,0,0,0,0,0,0
USK,BE,0,0,0,0,0,0,0,0,0
USK,BE,0,0,0,0,0,0,0,0,0
USK,BE,0,0,0,0,0,0,0,0,0
USK,BE,0,0,0,0,0,0,0,0,0
USK,BE,0,0,0,0,0,0,0,0,0
USK,BE,0,0,0,0,0,0,0,0,0
USK,BE,0,0,0,0,0,0,0,0,0
USK,BE,0,0,0,0,0,0,0,0,0
USK,BE,0,0,0,0,0,0,0,0,0
WEG,BE,31,12,0,0,0,0,0,0,0
WEG,BE,2,1,0,0,0,0,0,0,0
WEG,BE,1,1,0,0,0,0,0,0,0
WEG,BE,1,0,0,0,0,0,0,0,0
WEG,BE,25,10,0,0,0,0,0,0,0
WEG,BE,0,0,0,0,0,0,0,0,0
WEG,BE,23,10,0,0,0,0,0,0,0
WEG,BE,0,0,0,0,0,0,0,0,0
WEG,BE,1,0,0,0,0,0,0,0,0
WEG,BE,0,0,0,0,0,0,0,0,0
WEG,BE,4,1,0,0,0,0,0,0,0
WEG,BE,0,0,0,0,0,0,0,0,0
WEG,BE,4,1,0,0,0,0,0,0,0
WHE,BE,83,86,74,111,118,101,103,99,122
WHE,BE,0,0,0,0,0,0,0,0,0
WHE,BE,0,0,0,0,0,0,0,0,0
WHE,BE,39,39,36,71,80,66,67,50,56
WHE,BE,0,0,0,0,0,0,0,0,0
WHE,BE,2,2,4,3,2,5,6,11,8
WHE,BE,37,37,32,68,78,60,60,39,48
WHE,BE,0,0,0,0,0,0,0,0,0
WHE,BE,0,0,0,0,0,0,0,0,0
WHE,BE,0,0,0,0,0,0,0,0,0
WHE,BE,44,47,37,39,38,35,36,49,66
WHE,BE,1,5,10,10,5,15,5,4,7
WHE,BE,37,36,20,21,27,15,26,36,46
WHE,BE,1,2,1,4,1,0,2,2,5
WHE,BE,0,0,0,1,1,3,1,1,3
WHE,BE,5,4,6,3,4,2,3,5,4
WHE,BE,0,0,0,0,0,1,0,0,0
WHE,BE,0,0,0,0,0,0,0,0,0
WHE,BE,0,0,0,0,0,0,0,0,0
WHE,BE,0,0,1,0,0,0,0,0,0
WHE,BE,0,0,0,0,0,0,0,0,0
WHE,BE,0,0,1,0,0,0,0,0,0
WHE,BE,0,0,0,0,0,0,0,0,0
WHG,BE,361,357,289,256,345,324,309,254,300
WHG,BE,0,0,0,0,0,0,0,0,0
WHG,BE,0,0,0,0,0,0,0,0,0
WHG,BE,0,0,0,0,0,0,0,0,0
WHG,BE,0,0,0,0,0,0,0,0,0
WHG,BE,0,0,0,0,0,0,0,0,0
WHG,BE,46,33,45,74,147,162,116,45,93
WHG,BE,0,0,0,0,0,0,0,0,0
WHG,BE,14,10,13,20,27,17,26,15,32
WHG,BE,32,23,32,55,120,145,89,30,61
WHG,BE,0,0,0,0,0,0,0,0,0
WHG,BE,0,0,0,0,0,0,0,0,0
WHG,BE,0,0,0,0,0,0,0,0,0
WHG,BE,0,0,0,0,0,0,0,0,0
WHG,BE,0,0,0,0,0,0,0,0,0
WHG,BE,0,0,0,0,0,0,0,0,0
WHG,BE,0,0,0,0,0,0,0,0,0
WHG,BE,0,0,0,0,0,0,0,0,0
WHG,BE,314,323,241,181,194,161,192,204,205
WHG,BE,2,2,5,4,5,2,2,3,4
WHG,BE,90,95,66,78,88,71,69,75,73
WHG,BE,4,23,28,11,6,3,4,4,4
WHG,BE,167,105,55,41,45,32,67,65,40
WHG,BE,51,98,87,48,50,52,51,58,84
WHG,BE,0,0,0,0,0,0,0,0,0
WHG,BE,0,0,0,0,0,0,0,0,0
WHG,BE,0,0,0,0,0,0,0,0,0
WHG,BE,1,1,3,1,3,2,1,4,2
WHG,BE,0,0,0,0,0,0,0,1,0
WHG,BE,1,1,3,1,3,2,1,3,2
WHG,BE,0,0,0,0,0,0,0,0,0
WHG,BE,0,0,0,0,0,0,0,0,0
WIT,BE,80,72,2,0,0,0,0,0,0
WIT,BE,15,5,0,0,0,0,0,0,0
WIT,BE,0,0,0,0,0,0,0,0,0
WIT,BE,15,5,0,0,0,0,0,0,0
WIT,BE,0,0,0,0,0,0,0,0,0
WIT,BE,0,0,0,0,0,0,0,0,0
WIT,BE,0,0,0,0,0,0,0,0,0
WIT,BE,0,0,0,0,0,0,0,0,0
WIT,BE,0,0,0,0,0,0,0,0,0
WIT,BE,0,0,0,0,0,0,0,0,0
WIT,BE,65,67,2,0,0,0,0,0,0
WIT,BE,1,5,0,0,0,0,0,0,0
WIT,BE,0,0,0,0,0,0,0,0,0
WIT,BE,0,0,0,0,0,0,0,0,0
WIT,BE,37,8,0,0,0,0,0,0,0
WIT,BE,25,53,1,0,0,0,0,0,0
WIT,BE,1,0,1,0,0,0,0,0,0
WRA,BE,5,1,0,0,0,0,0,0,0
WRA,BE,5,1,0,0,0,0,0,0,0
WRA,BE,2,0,0,0,0,0,0,0,0
WRA,BE,3,0,0,0,0,0,0,0,0
WRA,BE,0,0,0,0,0,0,0,0,0